URL,XSSed
webcenters.netscape.compuserve.com,R
store.samsung.com,
auth.dhs.gov,
www.titivillus.it,
www.brazzers.com,
www-ssrl.slac.stanford.edu,R
touch.afisha.mail.ru,
touch.tv.mail.ru,
english.sinopec.com,
www.fbi.com,
ged.latribune.fr,
bg.msi.com,
www.wesecure.nl,
pti.regione.sicilia.it,
lavillette.com,
www.peabody.harvard.edu,
gmwgroup.harvard.edu,
www.innovations.harvard.edu,
pus.lcs.mit.edu,
www.ups.com,R
portailrh.ac-bordeaux.fr,
www.m86security.com,R
renewus.avg.com,
channel.pandasecurity.com,
cyber.law.harvard.edu,
kids.britannica.com,
www.dohabank.com.qa,
topup.orange.com,
library.leeds.ac.uk,
www.elle.fr,
loadgamesvf.bet365.com,
developer.lgmobile.com,
www.pixelempireclothing.com,
www.dysontt.com,
ipcprogram.com,
www.ncgg.info,
www.iiar-anticancer.org,
www.phishtank.com,
domains.whois.com,R
www.metasploit.net,
www.metasploit.com,
www.maquis-art.com,
www.bwin.com,
www.steria-psf.lu,
www.tasteofsouthflorida.com,
www.cyprus-directory.com,
autonews.sat1.de,
www.auto-news.de,
www.sfelipeneri.edu.ec,
tikona.in,
www.coolwebscripts.com,
www.arremate.com,
www.deremate.cl,R
www.deremate.com.ve,
www.yemen.gov.ye,
www.clixsense.com,
www.culture.gouv.fr,
thepiratebay.cr,
defense.aol.com,
solutions.liveperson.com,
uk.playstation.com,R
www.ubuntu.com,R
www.museociudadquito.gob.ec,
www.opera-guide.ch,
www.universal-alliance.de,
www.avis.co.uk,
www.fly.faa.gov,
www.mcafeesecure.com,
www.mikrotik.com,
9gag.com,
www.pnop.com,
www.torrents.net,
e360.yale.edu,
ayalists.yale.edu,
frenchstudies.research.yale.edu,
www.circulo.claro.com.ar,
www.hostinway.com,
www.coqnu.com,
www.gtgroup.ge,
www.lukoil.ge,
www.narbonne.fr,
partners.rt.com,
www4b.wolframalpha.com,
www.ddindia.gov.in,
reseller-sisko.kamadeva.com,
buyinglamictal.org,
buyingcozaar.org,
drug-doxycycline.com,
bestsellers-rx.com,
drug-accutane.com,
buyingprograf.org,
ed-pharmarx.com,
gobuypills.com,
drugbrand-cialis.com,
drug-clomid.com,
drugsforyou.net,
drug-brand-cialis.com,
prohealthpharma.com,
egglondon.net,
textbooknova.com,
www.antivirus365.net,
www.abcgdd.com,
www.entegreharc.com.tr,
www.xowaju.de,
skicircus.loop-server.com,
radasm.cherrytree.at,
www.truste.com,R
www.i-mxms.com,
www.maybankard.net,
webinars.snm.org,
web.glcollaboration.com,
www.expopakistan.gov.pk,
www.yesser.gov.sa,R
www.sp.senac.br,
www.in.com,R
myschool.in.com,
compareindia.in.com,
www.blender3d.org,
solostudio.ge,
maestro.ge,
ygc.com,
www.ga.com,
www.caldera.com,
www.skype.gx.cn,
www.skype.bj.cn,
www.nvidia.com,R
www.pctools.com,R
www.eia.org.uk,
www.alte.org,
www.onradio.gr,R
www.kusuri.co.uk,
www.readyicons.com,
www.oiwsba.com,
www.tct.ir,
118.tct.ir,
www.cleaner-production.de,
www.steuerbuero-wintz-potrafke.de,
m.in.com,
ibnlive.in.com,R
mtvchathouse.in.com,
hindi.in.com,
mra.gov.ge,
www.kaspersky.ru,
service.meltwaternews.com,
bangladesh-airlines.com,
portal.hessen.de,
www.eventi-bologna.it,
www.plusline.org,
old.brownsvilleherald.com,
www.traikos.us,
www.clicfolio.com,
www.retroworks.es,
www.taartmeteenlindtje.nl,
www.dio-met.co.uk,
www.flyfishinginmaine.com,
www.inhealthnw.com,
www.f4customs.com,
www.tomkane.com,
www.jelco.ca,
www.cfnielsen.com,
www.feicuidao.com,
www.suagacollection.com,
www.oceansurf.ca,
www.astarise.net,
www.allspeedperformance.com,
www.gridironstrategies.com,
www.integrativetherapy.com,
old.cageprisoners.com,
www.marchantbrothers.co.uk,
artslivres.com,
www.fdazar.com,
www.chambers.ie,
www.sisef.it,R
apac.sec.samsung.com,
www.rcysostenibilidad.telefonica.com,
sonica.speedy.com.ar,
www.speedy.com.ar,
toolserver.org,R
www.book.fr,
www.ca-languedoc.fr,
registration.ge,
www.bull.com,
www.discoverbank.com,
apps.facebook.com,R
albumvirtual.trama.uol.com.br,
www.bite.lt,
www.slfa.com,
www.e-planning.net,
www.quebecregion.com,
www.nanocem.org,
www.resco.net,
www.rd.com,R
www.soarcareers.com,
www.channel4learning.com,
www.azom.com,R
www.emeafinance.com,
praguepost.com,
www.azooptics.com,
www.certipost.be,
download2.desktopsmiley.com,
adz.kr.yahoo.com,
www.policybazaar.com,
www.nexans.in,
www.imagebankexpress.com,
www.bharatstudent.com,R
www.deccanchronicle.com,
www.stral.in,
aol.pogo.com,
www.nba.com,R
tw.yimg.com,
us.a1.yimg.com,R
us.a2.yimg.com,R
us.a1.yimg.com,
images.neopets.com,R
e-bank.kredyty-online.eu,
www.bankier.pl,
www.ufw-bank.com,
www.liberty-bank.com,
www.wuestenrot-bank.de,
www.dp-dhl-karriere.de,
golfrange.gkmb.net,
support.sony-europe.com,
us.yimg.com,
cn.yimg.com,
a2.g.akamaitech.net,
us.a2.yimg.com,
l.yimg.com,R
br.i1.yimg.com,
ads.yimg.com,
www.ccm.gov.mo,
www.laudaair.com,
www.bet-at-home.com,
www.immodirekt.at,
www.icall.gr,
m.fotolog.com,
www.bankaustria.at,
ns31.ashiyanehost.com,
wdt.weather.fox.com,
stampa.aeronautica.difesa.it,
oreilly.com,
webinar.sisa.samsung.com,
xfinity.comcast.net,
radio.foxnews.com,
locate.apple.com,
receptome.stanford.edu,
byinvitationonlyphotos.americanexpress.com,
www.dictation.philips.com,
servicios.aol.com,
recruittalent.disney.com,
reg.email.163.com,
go.sky.com,
idp.godaddy.com,
www.wikia.com,R
www.whatsapp.com,
dx.com,
wikileaks.org,
services.winamp.com,
thesaurus.com,
support.lexmark.com,
support.snapchat.com,
ponsel-online.com,
www.synology.com,
www.shopparos.gr,
www.paypal.com,R
maps.nokia.com,
admin.stage.att.net,
www.enjoy.net.mm,
chemicaltechnologyinc.com,
www.jaring.my,
www.seagfoffice.org,
www.ads.com.mm,
www.dolby.com,
www.xe.gr,
pastebin.mozilla.org,
www.kcna.kp,
www.athinorama.gr,
cms.paypal.com,
www.ebay.com,R
answercenter.ebay.com,R
www.paid-to-promote.net,
www.si-wifi.org,
www.wattpad.com,
www.mercadolivre.com.pt,
www.chevron.com,
www.phpriot.com,
www.thebestdata.com,
www.mercadolivre.pt,
www.mercadolibre.cl,R
recherche-v2.edf.com,
www.nationwide2u.com,
www.gngfootball.org,
www.brancopelle.com,
bg.888.com,
www.ct-park.ge,
smarty.incutio.com,
www.alarabiya.net,R
profile.callofduty.com,
www.skirmish-islands.com,
www.grass-arts.com,
www.mercadolibre.com.uy,R
www.mercadolivre.com.br,R
www.mercadolibre.com.pa,R
www.mercadolibre.com.do,R
www.mercadolibre.com.ec,R
www.mercadolibre.com.mx,R
www.mercadolibre.com.co,
www.mercadolibre.com.pe,
www.mercadolibre.com.ar,R
www.pingplace.nl,
www.immoregion.fr,
www.athome.lu,
www.universinet.it,
www.esecurityplanet.com,
edition.cnn.com,R
money.cnn.com,R
www.hp.com,R
www.adobe.com,R
c2.com,R
www.delicious.com,
www.venstre.dk,
caqueta.gov.co,
www.specials.msn.co.in,
outlink.webkicks.de,
www.cedricdelsaux.com,
www.arcor.de,R
www.kicker.de,
www.chefkoch.de,
www.computerbild.de,R
www.tradeindia.com,R
e-services.mercedes-benz.com,R
l8url.com,
www.sicherheit.info,
www.salesforce.com,
www.speakingtree.in,
www.utsc.utoronto.ca,
moviesmobile.net,
www.imvisible.info,
boom.ge,R
www.ibk.co.kr,
gaana.com,
www.securitymetrics.com,R
jqueryui.com,
harajiharaji.com,
apply.mcdonalds.com.au,
boom.ge,
www.computershop.ge,
www.alta.com.ge,
ec.europa.eu,R
www.mmorpg.com,R
www.dream-prez.com,
www.downloadatoz.com,
forum.alsacreations.com,
www.aziaclub.com,
extranet.biskot.com,
music.raag.fm,
www.mpr.gov.ba,
www.forexticket.fr,
duvidas.pandasecurity.com.br,
ultimateintern.monsterenergy.com,
web.sa.mapquest.com,
hms.harvard.edu,R
www.sabteahval.ir,
support.hostgator.com,R
www.120.li,
www.shop.nsw.gov.au,
au.msi.com,
www.amazon.com,R
suivi.chronopost.fr,
www.scientology.org,R
new.davidguetta.com,
www.davidguetta.com,
security.anti-abuse.com,
www.manchesterproducts.com,
www.avoe.ge,
www.immobilier-pro-maroc.com,
www.shacombank.com.hk,
www.microsoft.com,R
www.wilderssecurity.com,
games.ru.msn.com,
commondatastorage.googleapis.com,
chromium-browser-symbols.commondatastorage.googleapis.com,
www.biviumgroup.com,
www.palringo.com,
ar.netlog.com,
connect.in.com,
www.tutorialsscripts.com,
kb.f-secure.com,R
www.lafederalonline.gov.ar,
www.forgetsecurity.se,
www.forgetsecurity.es,
www.forgetsecurity.de,
www.elhacker.org,R
about.skype.com,
kc.mcafee.com,R
www.125mashhad.ir,
myonlineaccounts2.abbeynational.co.uk,
www.galatasaray.org,
archive.icann.org,
mobilecp.conduit.com,
wibiya.conduit.com,R
m.spiegel.de,
www.spiegel.de,
www.toolboxrecords.com,
www.europeana.eu,
bangalore.locanto.in,
static.brazzers.com,
comidaslaredo.com,
www.europcar.bg,
mediathek.daserste.de,
www.penumbrapress.ca,
www.europcarug.com,
scully.cfa.harvard.edu,
aws.amazon.com,
www.myspace.com,R
glo.msn.com,
enciclopedia.it.msn.com,
social.msdn.microsoft.com,
apps.webtrends.com,
www.fafich.ufmg.br,
www.dcc.ufmg.br,
www.milw0rm.nl,
amihackerproof.com,R
amihackerproof.com,
shopping.indiatimes.com,R
my.dot.tk,R
giochi.mobile.it.msn.com,R
usa.visa.com,R
www.cbn.com,
www.archive.org,R
www.fenykepesajandek.eu,
www.akfinancialplanners.com,
www.npsinternational.com,
www.alliedmetals.com,
www.yeeongems.com,
www.bridalroguegallery.co.uk,
www.yatashomeaydin.com,
trapster.com,
www.vtt.fi,
www.wanggo88.com,
www.36shop.net,
www.design-home.cn,
www.taoqianwan.com,
ringtones.nl.msn.com,
search.dilbert.com,
quazen.com,
cricketnext.in.com,
www.engadget.com,R
www.wolframalpha.com,R
www.metroflog.com,R
www.megavideo.com,R
disneyland.disney.go.com,R
www.symantec.com,R
adspecs.yahoo.fr,R
www.real.com,R
hire.jobvite.com,
www.xl.pt,R
store1.adobe.com,R
www.icq.com,R
www.rockstargames.com,R
doctor.ndtv.com,
cricket.ndtv.com,
www.mediametrie.com,
www.rockware.com,
l.yimg.com,
www.ghana50.gov.gh,
nas.mbc.net,R
vols.fr.be.msn.com,
xmasshop.msn.ch,
guide-envies.femmes.fr.msn.com,
questionbox.jp.msn.com,
us.trendmicro.com,
myown.oprah.com,
careerlaunch.jpl.nasa.gov,R
lifestyle.de.msn.com,
underholdning.no.msn.com,
viaggi.it.msn.com,
channels.se.msn.com,
style.no.msn.com,
sport.de.msn.com,
money.de.msn.com,
wissen.de.msn.com,
news.de.msn.com,
computer.de.msn.com,
uncyclopedia.wikia.com,
learning.microsoft.com,
ymobileblog.com,
adspecs.yahoo.de,R
adspecs.yahoo.co.uk,R
adspecs.yahoo.es,R
adspecs.yahoo.it,R
www.scene.org,R
www.inreda.com,
cazey.friendsmix.net,
www.vatican.va,
acikartirma.tr.msn.com,R
ru.akinator.com,
pt.akinator.com,
www.defense.gouv.fr,R
populus.es.msn.com,
login.community.virgilio.it,
www.clg-brassens-boucbelair.ac-aix-marseille.fr,
www.cliquojeux.com,R
www.cliquojeux.com,
tv1.rtp.pt,R
ww1.rtp.pt,R
filmtrailer.msn.se,
www.nick.com,R
samples.msdn.microsoft.com,
gezondheid.nl.msn.com,
auktioner.dk.msn.com,
tube.aeiou.pt,
jeux.ch.msn.com,
shops.msn.co.il,
groups.im,
www.dgaep.gov.pt,
www.embaixadadobrasil.pt,
www.utusan.com.my,R
www.osta.ee,
www.matkatarbed.ee,
science.gsfc.nasa.gov,
celebrity.it.msn.com,
photobucket.com,R
www.lapetition.be,R
www.weather.com,R
www.neopets.com,R
search.ironspeed.com,
tag.mmosite.com,
fzr78.multiply.com,
pacoma.multiply.com,
members.driverguide.com,R
dk.advertising.com,
se.advertising.com,
no.advertising.com,
es.advertising.com,
fr.advertising.com,R
fi.advertising.com,
nemadanema.rs,R
www.rezultati.com,
quotes4all.net,
digital.nb.rs,
www.posao-info.com,
www.kongregate.com,R
gradjanski.rs,
www.dunav.com,R
www.dunav.com,
www.cafemontenegro.com,
raydaydeebord.board.ob.tc,
johnpianoschool.board.ob.tc,
nieuws.auto.nl.msn.com,
blogs.ibibo.com,R
search.ibibo.com,
auto.fi.msn.com,
infinity.icicibank.co.in,R
finance.indiamart.com,R
uk.ask.com,R
email.trymicrosoftoffice.com,
www.mynet.com,R
www.webmd.com,R
www.rtl.fr,R
www.zdnet.fr,R
www.lsi.com,
www.imdb.com,R
www.lefigaro.fr,R
money.impaqmsn.com,
ph.msn.astroyogi.com,
gamezone.impaqmsn.com,
blog.ok.net,
haber.ok.net,
www.ing.co.jp,
www.ing.ch,
www.ing.ro,
www.travbuddy.com,
serviciosmoviles.es.msn.com,
ru.u21fantasy.uefa.com,
pt.u21fantasy.uefa.com,
it.u21fantasy.uefa.com,
es.u21fantasy.uefa.com,
fr.u21fantasy.uefa.com,
fr.mcdonalds.predictor.fifa.com,
es.mcdonalds.predictor.fifa.com,
de.mcdonalds.predictor.fifa.com,
en.mcdonalds.predictor.fifa.com,
fr.predictor.fifa.com,
en.predictor.fifa.com,
es.predictor.fifa.com,
de.predictor.fifa.com,
www.panerabread.com,
chicago.citysearch.com,
uni17.ogame.it,
gaitame.money.jp.msn.com,
www.fmprc.gov.cn,R
www.hellojack.com,R
www.americasarmy.com,R
www.airfrance.com.br,
www.airfrance.fr,R
www.airfrance.be,
w3.airfrance.com,
www.airfrance.co.jp,
www.airfrance.it,
www.airfrance.pt,
www.airfrance.ca,
www.themill.co.nz,
www.airfrance.com,
www.airfrance.fr,
www.airfrance.us,
www.keywordspy.com.br,
property.hk.msn.com,
www.mysql.ru,R
msn.iproperty.com.my,
linkdefteri.com,R
www.inonu.edu.tr,R
property.za.msn.com,
showing.com,
linux.about.com,
www.delta.com,
sportsillustrated.cnn.com,R
sports.sportsillustrated.cnn.com,
www.airliners.net,R
search.surfcanyon.com,
www.saab.co.za,
www.saab.com.au,
www.saab.co.nz,
www.saab.ee,
www.saab.lv,
www.saab.hu,
www.saab.bg,
www.saab.ro,
www.msnbc.msn.com,
europa.eu,R
mitnicksecurity.com,
www.madeinitaly.gov.it,
www.forth.gr,
shop.nationalgeographic.com,R
www.rapid7.com,
shop.skype.com,R
www.ebay.com,
technologygateway.nasa.gov,
iclass.eccouncil.org,R
thegioiwebsite.net,
client.skype.tom.com,
mep.pandasecurity.com,
ghrc.nsstc.nasa.gov,
catalogue.adidas.com,R
www.hcltech.com,
www.college.harvard.edu,
noticias.uol.com.br,
www.safedrive.ge,
unlock.tacobell.com,
www.windows7download.com,
www.jwcoca.qld.gov.au,
realty.yandex.ru,
www.nrc.gov,
www.ox.ac.uk,
www.ucoatit.com,
www.subisu.net.np,
www.andaluciainformacion.es,
openid-rp.virgilio.it,
www.ohloh.net,R
busca.globo.com,R
www.agenbolsa.com,
www.feedage.com,R
www.peopleconnectionblog.com,
de.truveo.com,
it.altervista.org,
chat.stackexchange.com,
www.gallimard.fr,
www.melih.com,
www.jouezetgagnez.net,
cassons-les-idees-recues.com,
www.francecars.fr,
jogjacamp.org,
reprise-entreprise.lefigaro.fr,
windowslivehelp.com,
tw.socialgame.yahoo.net,
video.syfy.com,
sp.ask.com,
linkdefteri.com,
www.us.hsbc.com,R
winelibrary.com,R
www.dailymotion.com,R
www.hbeu1.hsbc.com,R
ubisoftpoint.ubisoft.it,R
www.kaspersky.cl,
fa.austenco.ir,
technet.microsoft.com,
tolan-sd.com,
www.cybersnipa.com,
www.aa.com,R
cook.boom.ge,
elibrary2.eosintl.com,
fta.inria.fr,
secure.derwesten.de,
ru.espacenet.com,
www.healthkart.com,
tv.adobe.com,
kaspersky.softkey.ru,
www.lds.org,R
search.babeland.com,
email.one.lt,
www.aetna.com,R
www.aetna.com,
member.aetna.com,
www.carstereo.com,R
www.ebrio.com,
www.deu.edu.tr,R
farsiebook.com,
www.fire.nsw.gov.au,
www.nhs.vic.edu.au,
www.saraswatbank.com,
renewals.symantec.com,
comment.ynet.com,
www.bitgamer.su,
jicama.cs.washington.edu,
irmis-dev.bnl.gov,
www.total.com,
www.mytelus.com,R
yasam.tr.msn.com,
metroflog.com,R
autokatalog.auto.msn.de,
lcweb2.loc.gov,R
www.hiho.ro,R
www.wunderground.com,R
www.crim.ca,R
g.msn.com,R
www.4research.net,
mclient.msn.com.cn,
dueldestars.divertissements.msn.fr,R
www.sonyericsson.com,R
us.yimg.vip.scd.yahoo.com,
auto.ch.msn.com,
www.cisco.com,R
canon.photo.free.fr,
notrefamille.femmes.fr.msn.com,R
cruises.travel.yahoo.net,R
keepvid.com,R
www.flaixfm.net,
quiz.msn.se,R
ads1.msn.com,
mobile.impaqmsn.com,
news.hk.msn.com,
das.microsoft.com,
www.microsoft.com.mk,R
isg33.casalemedia.com,
channels.msn.se,
www.msn.de,R
giochi.mobile.it.msn.com,
music.msn.com.br,
www.msn.nl,
otomobil.tr.msn.com,
logitheque.msn.fr,
allocine.msn.fr,
msnauto.lacentrale.fr,
www.club.it.porsche.com,R
www.darty.com,R
reisen.msn.de,R
comedy.msn.de,
chef-n01.dmoz.aol.com,
reisen.msn.de,
mad.tv,R
sbj.saic.gov.cn,R
allpoetry.com,R
serc.carleton.edu,
tweetgrid.com,
whatmortgage.money.msn.co.uk,
webeffective.keynote.com,
www.kino.ru,
seret.msn.co.il,R
member.msn.co.kr,
fortune.msn.co.kr,
procurement.gov.ge,
ucc.msn.co.kr,R
seret.msn.co.il,
www.sporting-scene.com,
www.movieposterbid.com,
netex.msn.co.il,R
sport.msn.se,
www.notemax.com.br,
the-ethical-hacker.com,
www.president.al,R
spaceflight.nasa.gov,R
www.securetogether.com,
www.lepoint.fr,R
software.gsfc.nasa.gov,R
www.jobpol.be,
www.freetv.pk,
jiayuan.msn.com.cn,
topics.msn.com.tw,
hcg-ultra.cbsnews.archives.qopcgc.msnwt.com,
www.filmhill.com,R
support.discoverbing.com,
www.speedtest.net,R
www.retailcustomerexperience.com,
www.speedcubeshop.com,
yahooaction.com,
www.indianyellowpages.com,
www.bangaloreclassifiedads.com,
www.indiacatalog.com,
www.populararticles.com,
muziek.downloaden.nl.msn.com,
www.umbro.com,
www.mansion.com,
search.searchcompletion.com,
shop.skype.com,
b4s.co,
westgenesee.org,
juegos.latino.msn.com,
www.bradescoseguranca.com.br,
libguides.miami.edu,
www.pichincha.com,
www.oilfielddepot.net,
kevinbellamy.com,
www.flipkart.com,R
nkjp.pl,
www.homeshop18.com,
www.jabong.com,
www.bayt.com,
www.searchcompletion.com,
logiclord.com,
www.hostelhelvetia.pl,
www.pzl-wola.pl,
xakep.ru,
remote.utorrent.com,
www.aam.org.my,
search.adl.org,
www.tejaratbank.ir,
www.designszeneberlin.de,
ufc.tv,
tain.totalcodex.net,
img25.imagehaven.net,
sds.sabre.com,
www.mhp.net,
m.mediamarkt.de,
www.kkh-allianz.de,
wwwapps.ups.com,
www.gulp.de,
www.hzd.de,
www.shop.cdu.de,
www.chip-kiosk.de,
seminarsuche.tuev-nord.de,
www.cubedepotusa.com,
www.vr-gebrauchtwagen.de,
img.virscan.org,
www.unet.univie.ac.at,
advertising.microsoft.com,
www.bullion.org.za,
www.sonovela.net,
wap.mercadolibre.com.ar,R
www.ebay.com.np,
wap.mercadolibre.com.ar,
support.microsoft.com,
forums.microsoft.com,R
www.msn.es,R
loan.money.jp.msn.com,
www.microsoft.cz,R
www.n9.fr,
www.jeudepaume.org,
36317.calendars.motigo.com,
234402.guestbooks.motigo.com,
94932.forums.motigo.com,
biclopsgames.com,
mappn.com,
www.clanplanet.de,
estadisticas.idc.enet.cu,
www.nearlynewborn.com,
www.rfcuny.org,
triprayarnadanvarthakal.com,
www.soul-chic.com,
www.gectchem.org,
www.thebakerscottage.com,
www.berta.ge,
www.newnet.ge,
orbi.ulg.ac.be,
shop.n-tv.de,
kompetenzatlas-hessen.de,
www.artchesul.com.br,
speedtest.net,R
www.rtl.de,R
www.totallyspies.com,
search.sport1.de,
www.spielaffe.de,
register.dailymail.co.uk,
www.clickajob.co.uk,
www.af-de-portu.com,
www.wetter.de,
www.indiatimes.com,
www.gdn.edu,
www.fema.gov,R
slsweb.ocmboces.org,R
www.samandehi.ir,
www.100bestbuy.com,
www.smimmobiliernarbonne.com,
www.immovisionfrance.com,
www.immobiliere-capyvelines.fr,
www.immobiliere-michel-vautier.fr,
www.agencebouziat.com,
www.arte-patrimoine.com,
www.agencepleinsud.com,
www.cabinet-avril.com,
www.ajcimmobilier.com,
www.immo-du-sud.com,
www.agenceprodi.com,
www.thesecurityweb.co.uk,
wiki.clamav.net,
france-engels.fr,
www.mazagrandimmobilier.com,
www.vip-dream.com,
www.corinneponce-immobilier.com,
www.sernin-immobilier.com,
www.azur-privilege.com,
www.dominiquealboublanc.com,
www.immobilier-paris-verneuil.com,
www.collin-immobilier.com,
www.agence-rci.com,
www.riviera-housing.com,
www.arcade-immobilier.com,
www.openmedia.fr,
www.damely-immobilier.fr,
www.immobilierhautsdevaugrenier.com,
www.positifimmobilier.fr,
www.immobilieredecatalogne.com,
www.events.scientology.org,
www.1001menus.com,
www.mtv.com,R
www.sephora.com,
www.4cornersclub.com,
tomchalk.com,
www.simkom.com,
natolibguides.info,
infoguides.gmu.edu,
libguides.sbuniv.edu,
libguides.cabq.gov,
libguides.metro.org,
guides.lib.washington.edu,
libguides.bc.edu,
guides.lib.uchicago.edu,
guides.lib.uiowa.edu,
researchguides.library.wisc.edu,
guides.library.duke.edu,
guides.hcl.harvard.edu,
subjectguides.library.american.edu,
libguides.uwlax.edu,
libguides.sit.edu,
libguides.princeton.edu,
legalresearch.usfca.edu,
libguides.hcc.hawaii.edu,
researchguides.case.edu,
guides.lib.virginia.edu,
guides.library.manoa.hawaii.edu,
libguides.mit.edu,
guides.slsa.sa.gov.au,
libguides.olympic.edu,
www.munyie.com,
www.wiktik.com,
www.lgjobs.com,
www.hotel-pension-theresia.at,
spf.com,
www.seoghoer.dk,
www.bulutangkis.com,
pastebin.com,
www.besac.com,
www.montbeliard-zoom.fr,
www.dole-zoom.fr,
disparbud.jabarprov.go.id,
www.domain.com,R
www.avgbulgaria.com,R
enable.ftd.de,
medienkunstpreis.zkm.de,
www.ddjs-drome.jeunesse-sports.gouv.fr,
www.nep.uscourts.gov,
dnserro.brasiltelecom.com.br,
www.ffsc.fr,
www.eneriance.fr,
www.industrie.gov.tn,
paris-locations-saisonnieres.fr,
www.imgovi.com,
www.verisign.co.uk,
www.surf-kite.fr,
www.un.org.ec,
appworld.blackberry.com,
www.americanexpress.com,R
www.logementsocialdurable.fr,
www.forzi.fr,
www.paris-vacation-apartments.fr,
hopla.fr,
archives.hwg.org,
traffic.511.org,
www.ajax-zoom.com,
www.backscatter.com,
www.codango.com,
www.pchardware.ro,R
cac.ca.gov,
www.tiesto.com,
mexico.cnn.com,
www.nationalarchives.gov.uk,R
wabcradio.com,
web4.lan.511.org,
www.fantue.com,
www.insidefutures.com,
www.musiquemachine.com,
www.on-veut-du-cul.com,
www.nic.mw,
www.lons-zoom.fr,
duniaflora.com,
www.larismanis.web.id,
www.pontarlier-zoom.fr,
www.gray-zoom.fr,
www.luxeuil-zoom.fr,
www.vesoul-zoom.fr,
www.fczoom.fr,
www.champagnole-zoom.fr,
en.taiyanglong.com,
pegchem.com,
www.redhat.com,R
www.verisign.de,
www.echannelline.com,
www.verisign.com,R
www.verisign.fr,
www.verisign.ch,
www.verisign.es,
www.besancon-zoom.fr,
movies.apple.com,
buzzzzz-mania38.info,
www.codeur.com,
undp.org.ye,R
www.raumankameraseura.net,
www.feriaok.com.ec,
www.forums.mihandownload.com,
home.tudelft.nl,
www.ccpitzj.gov.cn,
dclugi.tv,
edailystar.com,
bluebones.net,
www.hu.nl,
dusheti.org.ge,
www.electrolux.se,
www.electrolux.dk,
www.electrolux.es,
www.icz.mns.gov.ua,
www.haus-unterberg.at,
www.nh.gov.cn,
basketball.fc-finnentrop.de,
www.nbstats.gov.cn,
appleseedinfo.org,
www.domainvc.com,
alyssamonks.com,
www.warcraftpets.com,
www.hbosouthasia.com,
itv.ge,
www.apple.com,
www.video2mp3.net,
www.amerigoimmo.fr,
www.immo-sud.net,
www.immo-grambois.com,
www.luberon-ventoux.com,
www.seyne-immobilier.com,
www.cabinet-morliere.com,
www.jager-immobilier.com,
www.accessimmo-cannes.com,
www.troispourcent.com,
www.immosprint.com,
www.ergon.fr,
www.domians-immobilier.fr,
www.terremerimmo.com,
www.agence-europa.fr,
www.cpi-immobilier.com,
www.agencedudauphin.com,
www.immob-iles.fr,
www.immobilier-hyeres.com,
wiki.hpc-europa.eu,
ssl.securecomputing.com,
casino.peoples.it,
calendario.peoples.it,
www.besancon-tourisme.com,
www.ulg.ac.be,
www.chirac-en-lozere.com,
iaeste.ut.ac.ir,
www.gemax.rs,
www.21dan.com,
www.sam.org.rs,
www.gookombat.com,
www.accessimmobilier.fr,
www.palaisdor.com,
store.babylon.com,
slsweb.ocmboces.org,
www.crytek.com,
www.guadeloupe.franceantilles.fr,
www.ikarus.at,
www.careerminded.com,
developer.cisco.com,R
www.mtgsy.net,
mur.jpl.nasa.gov,
mmptdpublic.jsc.nasa.gov,
www.adele.tv,
diskon.com,
lifescience.nuk.edu.tw,
student.valpo.edu,
www.argointl.com,
icc-cricket.yahoo.net,
drweb.com,
www.popularscreensavers.com,
www.poker-academie.com,
webmail.mep.pandasecurity.com,
www.mcdonalds.com,R
photos.oscars.org,
www.playboy.com,R
www.youjizz.com,R
webcalendar.git.sourceforge.net,
developer.cisco.com,
www.airbus.com,R
es.blackberry.com,
